date,size
2009-03-10,214577441
2009-03-12,214577249
2010-11-30,75503895
2011-03-21,3068211032
2011-04-04,1952767638
2011-04-05,8550397596
2011-04-29,7962590141
2011-05-03,12580047369
2011-05-06,589235230407
2011-05-07,98566881941
2011-05-11,5800534751
2011-05-14,16112603757
2011-05-21,7231907376
2011-06-06,2107342909
2011-06-08,4180496933
2011-07-05,19597909155
2011-07-25,2146308390
2011-07-28,4378738329
2011-08-01,57325209352
2011-08-03,76788389
2011-08-10,216259648537
2011-09-02,58237677580
2011-09-20,980352298337
2011-09-21,2192379561774
2011-09-22,1935761758640
2011-09-23,2265337113130
2011-09-24,1839194263277
2011-09-25,77651169140
2011-09-26,116113545598
2011-09-27,207035851493
2011-09-28,215094054248
2011-10-06,2705665354
2011-10-07,114155496644
2011-10-09,189476552
2011-10-10,622315964691
2011-10-11,605795223139
2011-10-12,415292416521
2011-10-13,873912901821
2011-10-14,2055066877252
2011-10-15,958142927030
2011-10-16,1101353900602
2011-10-17,922810606348
2011-10-18,941215533704
2011-10-20,587030603636
2011-10-21,616200167818
2011-10-22,1156505837430
2011-10-23,469653321736
2011-10-24,1497005413717
2011-10-29,1484401500295
2011-11-01,100230360067
2011-11-02,102379961347
2011-11-03,205580831747
2011-11-06,248176292868
2011-11-07,256459234308
2011-11-09,81201250795
2011-11-10,16400059267
2011-11-11,1273176632
2011-12-12,239128186996
2011-12-25,2952212874
2011-12-30,3782364878
2011-12-31,25662
2012-01-26,67500113774
2012-02-06,10502168980
2012-02-07,103124394
2012-02-09,35764875633
2012-02-11,73194692163
2012-02-12,890088108451
2012-02-13,1148023943748
2012-02-14,62953155739
2012-02-16,876018319365
2012-02-23,42429
2012-02-24,26930944193
2012-02-26,263120043
2012-02-27,61195807836
2012-02-28,914134745096
2012-03-01,1712266952726
2012-03-02,1290395743013
2012-03-03,2102437015548
2012-03-04,1583805411029
2012-03-05,1112925504388
2012-03-06,1859199211
2012-03-10,4201173352057
2012-03-11,565449986726
2012-03-12,836922894307
2012-03-13,823019544750
2012-03-14,562691967522
2012-03-17,741418357816
2012-03-18,1896182905302
2012-03-19,947174180303
2012-03-20,2380378635550
2012-03-21,5761728385085
2012-03-22,4907323836751
2012-03-23,2827890568554
2012-03-24,4464922748375
2012-03-25,2934744546457
2012-03-26,1760992219674
2012-03-27,5743866966258
2012-03-28,3058067720265
2012-03-29,2223752575294
2012-03-30,2254257119427
2012-03-31,1485612413445
2012-04-01,1535803515717
2012-04-02,2559639034443
2012-04-03,4639302163788
2012-04-04,3319591708710
2012-04-05,4693574842392
2012-04-06,4074685846863
2012-04-07,1858700692857
2012-04-08,1629222765377
2012-04-09,5808271928401
2012-04-10,6226889380599
2012-04-11,6381809687548
2012-04-12,4748349099533
2012-04-13,4462597413281
2012-04-14,4417692319406
2012-04-15,3267175473350
2012-04-16,4046788834358
2012-04-17,3065825282549
2012-04-18,2252187854257
2012-04-19,2665833139069
2012-04-20,3359151647941
2012-04-21,5210409330472
2012-04-22,5594149474947
2012-04-23,4760494137759
2012-04-24,4021106498212
2012-04-25,4281559112617
2012-04-26,6067215849163
2012-04-27,4800813131730
2012-04-28,5531003960262
2012-04-29,5361746270053
2012-04-30,3049294337649
2012-05-01,4925390093616
2012-05-02,3211874717135
2012-05-03,2827206803485
2012-05-04,1910241310661
2012-05-05,3233130258440
2012-05-06,2228941580733
2012-05-07,1851499118785
2012-05-08,2946287261153
2012-05-09,2326139173957
2012-05-10,2444596029530
2012-05-11,2012738060495
2012-05-12,2230089897677
2012-05-13,1996873307279
2012-05-14,3106935561776
2012-05-15,2917703098216
2012-05-16,1908806676784
2012-05-17,1933356674484
2012-05-18,1745282685574
2012-05-19,1419267584999
2012-05-20,3223626124002
2012-05-21,1208235957588
2012-05-22,2432522979238
2012-05-23,1663909883342
2012-05-24,1337379036381
2012-05-25,2408628555329
2012-05-26,891192500903
2012-05-27,2426760717043
2012-05-28,970183822058
2012-05-29,1103985551891
2012-05-30,1275806279521
2012-05-31,885780682171
2012-06-01,453351963964
2012-06-02,2081179430033
2012-06-03,2146161828520
2012-06-04,2690199809827
2012-06-05,2433867107868
2012-06-06,2411211584892
2012-06-07,3022482744125
2012-06-08,3286485313948
2012-06-09,4056660524092
2012-06-10,2053044173751
2012-06-11,1839091197502
2012-06-12,908452254664
2012-06-13,592400897666
2012-06-14,456187823887
2012-06-15,310337944219
2012-06-16,344048024685
2012-06-17,180838017542
2012-06-18,91618347266
2012-06-19,1010819748122
2012-06-20,79755880843
2012-06-21,169381145013
2012-06-23,66557175904
2012-06-24,228463315817
2012-06-26,65226907723
2012-06-27,141116748944
2012-06-28,1867323357432
2012-06-29,5206393191093
2012-06-30,3178416724103
2012-07-01,1086077041377
2012-07-02,1598434828075
2012-07-04,222542258512
2012-07-06,111222770019
2012-07-10,227065164112
2012-07-15,2962962554
2012-07-16,384385231942
2012-07-17,65085014302
2012-07-18,56260828439
2012-07-19,54631061832
2012-07-20,57159371894
2012-07-22,108976129632
2012-07-27,2415026682
2012-07-30,225932695658
2012-08-01,25366619808
2012-08-03,56868012
2012-08-05,2253021131
2012-08-06,633053306
2012-08-07,990190586
2012-08-08,47533391694
2012-08-09,213340502098
2012-08-10,580368511
2012-08-13,137233610
2012-08-16,538212191
2012-08-17,1151073926271
2012-08-18,50038774583
2012-08-20,2268054298338
2012-08-21,452309789
2012-08-23,391537851
2012-08-24,1161158824
2012-08-28,16657918
2012-08-29,3356917051
2012-08-30,727101601
2012-08-31,1461874106
2012-09-01,21912960714
2012-09-03,1004339012
2012-09-05,4286862305
2012-09-06,470430769
2012-09-09,1580490353
2012-09-18,6676188
2012-09-19,25349294706
2012-09-20,2274739137
2012-09-21,110745861
2012-09-22,3424918021
2012-09-24,141996807223
2012-09-25,211241196659
2012-09-26,6355075860
2012-10-01,18712515664
2012-10-02,349780256
2012-10-03,237671441282
2012-10-04,150007675041
2012-10-05,350043896476
2012-10-06,3795878183
2012-10-08,46151
2012-10-09,1582329665497
2012-10-10,210005303744
2012-10-11,1505115114080
2012-10-12,2732619912420
2012-10-13,1664577327585
2012-10-14,2921930933763
2012-10-15,3884611851985
2012-10-16,2994433626081
2012-10-17,2349058705053
2012-10-18,1730518276340
2012-10-19,2787113610585
2012-10-20,3264217341832
2012-10-21,2181608251273
2012-10-22,1794617074943
2012-10-23,2245227296103
2012-10-24,2014433397260
2012-10-25,2773411158867
2012-10-26,1369345903311
2012-10-27,3151089713081
2012-10-28,5600413099580
2012-10-29,6274712651052
2012-10-30,1693908245053
2012-10-31,1097202642339
2012-11-01,72706759972
2012-11-02,652953659528
2012-11-03,1457174806748
2012-11-04,1298145853947
2012-11-05,1852971800830
2012-11-06,1882450983156
2012-11-07,1528784290672
2012-11-08,2276026389322
2012-11-09,2349278798205
2012-11-10,2502056215088
2012-11-11,2452820426357
2012-11-12,2621169190049
2012-11-13,2561931968751
2012-11-14,2843758317930
2012-11-15,2631045333901
2012-11-16,2829219769694
2012-11-17,2941695056240
2012-11-18,2840286447750
2012-11-19,2780303208689
2012-11-20,2564415756152
2012-11-21,2590336818924
2012-11-22,1969681995005
2012-11-23,2218862134934
2012-11-24,1415714387200
2012-11-25,1079454095884
2012-11-26,921819424601
2012-11-27,1131910026453
2012-11-28,1295976882069
2012-11-29,1632731946207
2012-11-30,1374362876960
2012-12-01,2947496888098
2012-12-02,2698107002028
2012-12-03,2330781737334
2012-12-04,1605301336459
2012-12-05,54303559429
2012-12-06,351577668851
2012-12-09,1395917786
2012-12-11,52831797456
2012-12-12,1200705812
2012-12-15,1326002183
2012-12-17,3731213044
2012-12-18,74089477206
2012-12-19,369619544185
2012-12-20,125354071889
2012-12-21,394623095877
2012-12-22,2479267499135
2012-12-23,3131673386261
2012-12-24,1616615613800
2012-12-25,1077557763697
2012-12-26,466111064
2012-12-27,161747172525
2012-12-28,538658098562
2012-12-29,704851777671
2012-12-31,47755260773
2013-01-01,17766088844
2013-01-05,3553660966
2013-01-06,76580844
2013-01-09,3674169871
2013-01-11,599060616
2013-01-16,637001095
2013-01-18,373856
2013-01-20,36357152053
2013-01-22,4331158110
2013-01-24,39406032
2013-01-28,270307921
2013-02-01,18091994187
2013-02-02,901577421
2013-02-07,55080910604
2013-02-12,433931859
2013-02-13,1094519439
2013-02-18,54275830354
2013-02-20,1913163
2013-02-22,386249798
2013-02-24,54063286026
2013-02-25,12250849814
2013-03-01,23764625842
2013-03-02,6127116371
2013-03-03,3003256973
2013-03-06,168643252444
2013-03-07,1207272523187
2013-03-08,579024329035
2013-03-09,2798580501
2013-03-10,1267281513849
2013-03-11,156025151832
2013-03-12,1151627865943
2013-03-13,1326156178507
2013-03-14,1873576826385
2013-03-15,426071742438
2013-03-16,52833230213
2013-03-17,858884469070
2013-03-18,1746901975137
2013-03-19,992558174131
2013-03-20,427100918309
2013-03-21,113971067972
2013-03-23,232822725
2013-03-24,580159203843
2013-03-25,580325555815
2013-03-26,370144847793
2013-03-27,342010999
2013-03-29,105791646730
2013-03-30,528448949206
2013-03-31,52812748495
2013-04-01,336536979595
2013-04-02,533709207518
2013-04-03,317911073596
2013-04-04,351646450875
2013-04-05,1053200055599
2013-04-06,1901971370518
2013-04-07,1117071579566
2013-04-08,390829300922
2013-04-09,170700871582
2013-04-10,1938048175309
2013-04-11,1028358876889
2013-04-12,1680596362177
2013-04-13,562990470510
2013-04-14,1116830048840
2013-04-15,973896917083
2013-04-16,991430880608
2013-04-17,882245589716
2013-04-18,660013257203
2013-04-19,597181969010
2013-04-20,610076245677
2013-04-21,1304276343448
2013-04-22,1573087811834
2013-04-23,1335314257805
2013-04-24,1073216241472
2013-04-25,988821692528
2013-04-26,2266939945631
2013-04-27,908970868915
2013-04-28,3774387677316
2013-04-29,3590871698742
2013-04-30,1233250406556
2013-05-01,2709198629098
2013-05-02,1480839376003
2013-05-03,1993683956592
2013-05-04,750024828922
2013-05-05,68948096968
2013-05-06,1803008159005
2013-05-07,667125024249
2013-05-08,1043189992067
2013-05-09,106087828006
2013-05-10,1446062275473
2013-05-11,979706165667
2013-05-12,1300340645863
2013-05-13,825919539237
2013-05-14,323314645843
2013-05-15,107932727157
2013-05-16,476289334622
2013-05-17,354197212074
2013-05-18,377905952141
2013-05-19,219255077489
2013-05-20,455832296904
2013-05-21,356952162827
2013-05-22,165363518860
2013-05-23,388501071430
2013-05-24,1771387549760
2013-05-25,2115305984422
2013-05-26,2175673026176
2013-05-27,1944570585582
2013-05-28,568759828610
2013-05-29,772051267037
2013-05-30,379224842725
2013-05-31,107978655361
2013-06-01,235755251066
2013-06-02,59109313800
2013-06-03,293536314816
2013-06-04,420714845245
2013-06-05,371766536442
2013-06-06,952508475416
2013-06-07,2136039022642
2013-06-08,1348782637741
2013-06-09,1342218794705
2013-06-10,805947911445
2013-06-11,108714150341
2013-06-12,265413838351
2013-06-13,950003430862
2013-06-14,1614233047399
2013-06-15,728400836936
2013-06-16,1508758574431
2013-06-17,1278253152330
2013-06-18,906098701540
2013-06-19,875095955421
2013-06-20,678305956756
2013-06-21,672403406468
2013-06-22,216754066200
2013-06-23,934789645151
2013-06-24,1674499525457
2013-06-25,552328553669
2013-06-26,785419453119
2013-06-27,676114335306
2013-06-28,403714134044
2013-06-29,511097158811
2013-06-30,405820355165
2013-07-01,578335562953
2013-07-02,352898476344
2013-07-03,167501467683
2013-07-04,30122132901
2013-07-05,27487831991
2013-07-06,26985261084
2013-07-07,743574766682
2013-07-08,360073539814
2013-07-09,242825391863
2013-07-10,918549632436
2013-07-11,729960257144
2013-07-12,271442011053
2013-07-13,272623123054
2013-07-14,246285442562
2013-07-15,270422525546
2013-07-16,780126768765
2013-07-17,272144625065
2013-07-18,672364001521
2013-07-19,270319474732
2013-07-20,27707160903
2013-07-22,136826195299
2013-07-23,424247261829
2013-07-24,491608264925
2013-07-25,135802747055
2013-07-26,82789587858
2013-07-27,481657566741
2013-07-28,634942414041
2013-07-29,510788464964
2013-07-30,772220661730
2013-07-31,135236157614
2013-08-01,101639537952
2013-08-02,82350692135
2013-08-03,107960593352
2013-08-04,54177064781
2013-08-05,54041145263
2013-08-06,939718260112
2013-08-07,383810302415
2013-08-08,129729938557
2013-08-09,168265807036
2013-08-10,129272659582
2013-08-11,126874538619
2013-08-12,424649170265
2013-08-13,551132780631
2013-08-14,95480436881
2013-08-15,185123986296
2013-08-16,42605302057
2013-08-17,23102033311
2013-08-18,210875343570
2013-08-19,342990997961
2013-08-20,117199871305
2013-08-21,175681494985
2013-08-22,286123103159
2013-08-23,223069968942
2013-08-24,166352729161
2013-08-25,133928043469
2013-08-26,372673493735
2013-08-27,731214375098
2013-08-28,1234716061503
2013-08-29,1384167372538
2013-08-30,386822358619
2013-08-31,270959008572
2013-09-01,381555123141
2013-09-02,402161527828
2013-09-03,321927629888
2013-09-04,716511701949
2013-09-05,888710089493
2013-09-06,390210170304
2013-09-07,369209733337
2013-09-08,341374602181
2013-09-09,453387660905
2013-09-10,373386533102
2013-09-11,250620563037
2013-09-12,377485475476
2013-09-13,213208252028
2013-09-14,484517743835
2013-09-15,459281190313
2013-09-16,80151871868
2013-09-17,421539465343
2013-09-18,32540154092
2013-09-19,36810886734
2013-09-20,33091246867
2013-09-21,44887438838
2013-09-22,45266469451
2013-09-23,42560138197
2013-09-24,263754883422
2013-09-25,150163933464
2013-09-26,31921578362
2013-09-27,31918889230
2013-09-28,43185498346
2013-09-29,32500534261
2013-09-30,43387389840
2013-10-01,119701579374
2013-10-02,294338033210
2013-10-03,343309020112
2013-10-04,333622474019
2013-10-05,134668889674
2013-10-06,62701505262
2013-10-07,59606549061
2013-10-08,32213101649
2013-10-09,42158836182
2013-10-10,96166266426
2013-10-11,114373232369
2013-10-12,34652787074
2013-10-13,48624092559
2013-10-14,31953583801
2013-10-15,50410428287
2013-10-16,49243031085
2013-10-17,93776319872
2013-10-18,82788329734
2013-10-19,66275053759
2013-10-20,32222515573
2013-10-21,45806350577
2013-10-22,32291666523
2013-10-23,112529093897
2013-10-24,288030427536
2013-10-25,31893750056
2013-10-26,42577025690
2013-10-27,46920626024
2013-10-28,33926765645
2013-10-29,78870804890
2013-10-30,32515613438
2013-10-31,42961596860
2013-11-01,67209283784
2013-11-02,110917102597
2013-11-03,45371553652
2013-11-04,43294019674
2013-11-05,32314038136
2013-11-06,44304125162
2013-11-07,43386785690
2013-11-08,36900582151
2013-11-09,43038804006
2013-11-10,43019579522
2013-11-11,43110341675
2013-11-12,46457567515
2013-11-13,34839479875
2013-11-14,32283909688
2013-11-15,45378992362
2013-11-16,113259456123
2013-11-17,42896083568
2013-11-18,137190539379
2013-11-19,49611331696
2013-11-20,927335426962
2013-11-21,2421312278466
2013-11-22,1487500308759
2013-11-23,1015752618926
2013-11-24,2207179178154
2013-11-25,3662237097430
2013-11-26,3110992440510
2013-11-27,3879010675951
2013-11-28,2689149026723
2013-11-29,3271816274008
2013-11-30,1556853752874
2013-12-01,1974512710720
2013-12-02,1017353416492
2013-12-03,32306879374
2013-12-04,43154303379
2013-12-05,175565057340
2013-12-06,42564205012
2013-12-07,271437713467
2013-12-08,230907224628
2013-12-09,178812599651
2013-12-10,43047649387
2013-12-11,127172073549
2013-12-12,89596336205
2013-12-13,42616537770
2013-12-14,45494681819
2013-12-15,53606168794
2013-12-16,42857267901
2013-12-17,115131882904
2013-12-18,43337783153
2013-12-19,43036966318
2013-12-20,81673161210
2013-12-21,53917899364
2013-12-22,43003118610
2013-12-23,53532734813
2013-12-24,157206151214
2013-12-25,524205214237
2013-12-26,2907227563858
2013-12-27,2816285406456
2013-12-28,2248200472059
2013-12-29,2533194957636
2013-12-30,3595189370528
2013-12-31,2135976145138
2014-01-01,3619454257555
2014-01-02,3623815272870
2014-01-03,3439676729210
2014-01-04,3222448732917
2014-01-05,2584881988962
2014-01-06,4955383184466
2014-01-07,2507487029204
2014-01-08,1429026133278
2014-01-09,3652198946996
2014-01-10,2216532716710
2014-01-11,2265163604556
2014-01-12,1466823471639
2014-01-13,242749630628
2014-01-14,108647761238
2014-01-15,481445630861
2014-01-16,2144794477888
2014-01-17,2114678836581
2014-01-18,2186010172421
2014-01-19,1936235432547
2014-01-20,380297923496
2014-01-21,43045809517
2014-01-22,54050570302
2014-01-23,53669298556
2014-01-24,117054590938
2014-01-25,53812636640
2014-01-26,64398281480
2014-01-27,166001842606
2014-01-28,58020162198
2014-01-29,70018912771
2014-01-30,53670902665
2014-01-31,59925700704
2014-02-01,87922550838
2014-02-02,128413376170
2014-02-03,155718882928
2014-02-04,53678208123
2014-02-05,68735032559
2014-02-06,117182769926
2014-02-07,53306685465
2014-02-08,64287904014
2014-02-09,54217005179
2014-02-10,53557484057
2014-02-11,158758443031
2014-02-12,92978678400
2014-02-13,373620403601
2014-02-14,370665940826
2014-02-15,431824407629
2014-02-16,379910202605
2014-02-17,653240955207
2014-02-18,781902237491
2014-02-19,444568136761
2014-02-20,201210625656
2014-02-21,960096452630
2014-02-22,700212769411
2014-02-23,1708488390037
2014-02-24,889795151166
2014-02-25,1402282892860
2014-02-26,1064197887394
2014-02-27,1078737380302
2014-02-28,1322294252756
2014-03-01,1172077965395
2014-03-02,1300058174925
2014-03-03,1286950014002
2014-03-04,1031795563339
2014-03-05,329470624780
2014-03-06,348686346224
2014-03-07,142185790710
2014-03-08,153535803883
2014-03-09,154675072825
2014-03-10,53815559508
2014-03-11,107543240194
2014-03-12,64717594628
2014-03-13,109597407665
2014-03-14,63980256130
2014-03-15,82174214787
2014-03-16,114909305767
2014-03-17,103896628163
2014-03-18,94140602500
2014-03-19,143665166279
2014-03-20,667556049775
2014-03-21,682185628856
2014-03-22,262787723104
2014-03-23,171500548016
2014-03-24,159421917327
2014-03-25,186345115208
2014-03-26,116875763815
2014-03-27,81617008282
2014-03-28,228493468655
2014-03-29,184763513638
2014-03-30,186260554010
2014-03-31,163883640457
2014-04-01,392598706605
2014-04-02,184323915567
2014-04-03,196829156013
2014-04-04,80560369757
2014-04-05,195680383471
2014-04-06,600234911246
2014-04-07,169460323773
2014-04-08,408897459128
2014-04-09,53801547727
2014-04-10,381951206818
2014-04-11,53342457039
2014-04-12,64364750987
2014-04-13,74660646187
2014-04-14,63957719871
2014-04-15,67654093031
2014-04-16,697848675895
2014-04-17,66275329893
2014-04-18,93391341287
2014-04-19,84660062147
2014-04-20,415454309012
2014-04-21,91059609496
2014-04-22,90957266583
2014-04-23,64327478525
2014-04-24,141742834057
2014-04-25,90955467546
2014-04-26,64336267018
2014-04-27,63949588800
2014-04-28,176342199550
2014-04-29,57501599726
2014-04-30,91471321421
2014-05-01,96407173740
2014-05-02,81054241796
2014-05-03,91416019061
2014-05-04,75088984486
2014-05-05,659330593480
2014-05-06,192277633634
2014-05-07,92018467242
2014-05-08,56423737934
2014-05-09,91642236039
2014-05-10,64818762471
2014-05-11,80733290485
2014-05-12,205470256823
2014-05-13,60794038345
2014-05-14,53408401780
2014-05-15,64003169017
2014-05-16,54193151278
2014-05-17,91684437171
2014-05-18,75089044027
2014-05-19,80598053298
2014-05-20,64887179888
2014-05-21,92110203581
2014-05-22,512727428
2014-05-23,38145499372
2014-05-24,201902921516
2014-05-25,636804203227
2014-05-26,89076100327
2014-05-27,31024491970
2014-05-28,33160119969
2014-05-29,27428930232
2014-05-30,16249708474
2014-05-31,771403543
2014-06-01,53596478530
2014-06-02,11295231032
2014-06-03,947319568413
2014-06-04,10809663596
2014-06-05,141053844552
2014-06-06,98956970619
2014-06-07,22261614326
2014-06-08,1400118085814
2014-06-09,1830923040111
2014-06-10,2511074022323
2014-06-11,1926556271263
2014-06-12,1619054474581
2014-06-13,112909011536
2014-06-14,179277215710
2014-06-15,132712432295
2014-06-16,666447185477
2014-06-17,735885023025
2014-06-18,633845523668
2014-06-19,161726452511
2014-06-20,216286973138
2014-06-21,71274683250
2014-06-22,297243698679
2014-06-23,168784761830
2014-06-24,27255161160
2014-06-25,7271179685
2014-06-26,19679552512
2014-06-27,34077623682
2014-06-28,36726475168
2014-06-29,460287488
2014-06-30,314860943
2014-07-01,263418581034
2014-07-02,149387571794
2014-07-03,527028300150
2014-07-04,476912705
2014-07-05,1181181591
2014-07-06,428502787
2014-07-07,289691018
2014-07-08,2816123914
2014-07-09,48977432047
2014-07-10,338881136199
2014-07-11,2833560117
2014-07-12,863233300
2014-07-13,2997693949
2014-07-14,289064732
2014-07-15,503917459
2014-07-16,859284691
2014-07-17,8459953246
2014-07-18,28295423935
2014-07-19,879975088
2014-07-20,435173161
2014-07-21,8846654919
2014-07-22,5558161726
2014-07-23,46429266810
2014-07-24,69845526139
2014-07-25,473925131
2014-07-26,974032248
2014-07-27,433741068
2014-07-28,80544483110
2014-07-29,514778060
2014-07-30,47928354262
2014-07-31,350547126416
2014-08-01,32709010239
2014-08-02,1387100708
2014-08-03,83177773310
2014-08-04,1016512099401
2014-08-05,570696897301
2014-08-06,444813232729
2014-08-07,829940564820
2014-08-08,1708502620307
2014-08-09,1529877166625
2014-08-10,292093762976
2014-08-11,240585264271
2014-08-12,1142110358793
2014-08-13,1643012430760
2014-08-14,5121568767396
2014-08-15,7832658566630
2014-08-16,11419937704410
2014-08-17,9804822926906
2014-08-18,6792435590261
2014-08-19,7805305048657
2014-08-20,8277890409727
2014-08-21,9068823461892
2014-08-22,9308575682890
2014-08-23,7561397350778
2014-08-24,11282768879515
2014-08-25,5937567019823
2014-08-26,3182700406746
2014-08-27,1703360157010
2014-08-28,831601724471
2014-08-29,2144440609435
2014-08-30,1280853045838
2014-08-31,468537232948
2014-09-01,330943220972
2014-09-02,897467333
2014-09-03,698324923
2014-09-04,149389792174
2014-09-05,211888842534
2014-09-06,104446878664
2014-09-07,203600741237
2014-09-08,361444027777
2014-09-09,454533845963
2014-09-10,1399288754
2014-09-11,1578492410
2014-09-12,1509109372
2014-09-13,1727744890
2014-09-14,503497501377
2014-09-15,1122096635836
2014-09-16,364059127645
2014-09-17,1829016769
2014-09-18,526346275
2014-09-19,1464827834
2014-09-20,1948535656
2014-09-21,222248244648
2014-09-22,982839400798
2014-09-23,220159564103
2014-09-24,112697009127
2014-09-25,986114617
2014-09-26,115798363519
2014-09-27,4353627133
2014-09-28,10844424595
2014-09-29,107181432590
2014-09-30,108476981485
2014-10-01,28784449199
2014-10-02,329331227569
2014-10-03,2010243548
2014-10-04,114362823630
2014-10-05,407038400077
2014-10-06,583125390305
2014-10-07,702778196340
2014-10-08,531395651264
2014-10-09,364112461527
2014-10-10,690842014996
2014-10-11,490129364035
2014-10-12,823056359185
2014-10-13,1355376457118
2014-10-14,1578012902525
2014-10-15,1038417186642
2014-10-16,963087693515
2014-10-17,293274595655
2014-10-18,275844042441
2014-10-19,895468592254
2014-10-20,425724382786
2014-10-21,987778818888
2014-10-22,424664929444
2014-10-23,310405279619
2014-10-24,328183553448
2014-10-25,217185438035
2014-10-26,225590212095
2014-10-27,336911583812
2014-10-28,539912444764
2014-10-29,115368430546
2014-10-30,323228031212
2014-10-31,611126745191
2014-11-01,129964675094
2014-11-02,4158715540
2014-11-03,42898865073
2014-11-04,9271389045
2014-11-05,342371511912
2014-11-06,1368602885363
2014-11-07,2544355332059
2014-11-08,2665724507879
2014-11-09,3181508834899
2014-11-10,3370764832512
2014-11-11,4473799946011
2014-11-12,4262323148971
2014-11-13,3780078194253
2014-11-14,4079156894503
2014-11-15,1188528108193
2014-11-16,4323914660395
2014-11-17,1853146537706
2014-11-18,659833051984
2014-11-19,865039153598
2014-11-20,1147061033184
2014-11-21,979510367515
2014-11-22,998381984590
2014-11-23,756888316935
2014-11-24,803321021251
2014-11-25,683487940945
2014-11-26,628522499155
2014-11-27,577462782549
2014-11-28,404888346241
2014-11-29,307061644028
2014-11-30,424564091218
2014-12-01,1443159673979
2014-12-02,3204236937937
2014-12-03,4737856303631
2014-12-04,4558515039194
2014-12-05,5071125611508
2014-12-06,3713791961705
2014-12-07,954483680317
2014-12-08,2007791770971
2014-12-09,1777009553023
2014-12-10,3067138587403
2014-12-11,807211948567
2014-12-12,1193149871808
2014-12-13,1279873399610
2014-12-14,507793084910
2014-12-15,479204111728
2014-12-16,910249660720
2014-12-17,1764330116279
2014-12-18,2662313777461
2014-12-19,2638581378076
2014-12-20,2236939881531
2014-12-21,4029179208256
2014-12-22,4172486764162
2014-12-23,3676144409569
2014-12-24,2496518652846
2014-12-25,2421358813530
2014-12-26,2939146811305
2014-12-27,1443369786512
2014-12-28,2256887752411
2014-12-29,2741962706286
2014-12-30,2897688400637
2014-12-31,2593718605677
2015-01-01,2467522624011
2015-01-02,2031970086662
2015-01-03,2719614983360
2015-01-04,3168687558444
2015-01-05,1218386261665
2015-01-06,442615583725
2015-01-07,432042354592
2015-01-08,437567060386
2015-01-09,540140442781
2015-01-10,531862439947
2015-01-11,217687610355
2015-01-12,1549799961616
2015-01-13,883279438658
2015-01-14,326172024668
2015-01-15,216885387259
2015-01-16,323718589715
2015-01-17,327160161507
2015-01-18,328326480735
2015-01-19,327133412185
2015-01-20,324717152575
2015-01-21,214621592896
2015-01-22,213930145155
2015-01-23,753903151557
2015-01-24,438043412612
2015-01-25,433042261143
2015-01-26,328905130606
2015-01-27,956894240838
2015-01-28,638178552365
2015-01-29,114105496397
2015-01-30,327136853718
2015-01-31,230410662939
2015-02-01,499318628338
2015-02-02,277993331672
2015-02-03,481927605686
2015-02-04,459870549789
2015-02-05,596931388065
2015-02-06,515134263899
2015-02-07,729847901212
2015-02-08,643769066048
2015-02-09,1120746832746
2015-02-10,793873249794
2015-02-11,752216638884
2015-02-12,399219498881
2015-02-13,306116951052
2015-02-14,489410609981
2015-02-15,572381558404
2015-02-16,778543913952
2015-02-17,699051176332
2015-02-18,111105689500
2015-02-19,887826859815
2015-02-20,1764893819407
2015-02-21,498704157117
2015-02-22,213131562943
2015-02-23,214212555400
2015-02-24,239798730570
2015-02-25,323921682319
2015-02-26,214793951691
2015-02-27,325109107932
2015-02-28,514568296168
2015-03-01,235284381213
2015-03-02,218464145904
2015-03-03,213871310545
2015-03-04,109185235454
2015-03-05,108408045597
2015-03-06,219143617769
2015-03-07,111143173295
2015-03-08,111391094547
2015-03-09,541623706102
2015-03-10,345484071600
2015-03-11,349984313014
2015-03-12,229595178792
2015-03-13,109023492712
2015-03-14,217384579471
2015-03-15,212732214357
2015-03-16,199908555968
2015-03-17,321344130105
2015-03-18,217582305560
2015-03-19,106262237247
2015-03-20,213332132503
2015-03-21,212952692349
2015-03-22,108868701460
2015-03-23,534847409476
2015-03-24,1333063322148
2015-03-25,556489758348
2015-03-26,214169729584
2015-03-27,215534356437
2015-03-28,220100069734
2015-03-29,512573530774
2015-03-30,988153497837
2015-03-31,740617868608
2015-04-01,566910305412
2015-04-02,448743736338
2015-04-03,421737403311
2015-04-04,323049106696
2015-04-05,637321689920
2015-04-06,764859245156
2015-04-07,492068411038
2015-04-08,511701238292
2015-04-09,683026377098
2015-04-10,214656990140
2015-04-11,327495374992
2015-04-12,815181942131
2015-04-13,891552564491
2015-04-14,1063947582793
2015-04-15,953794188654
2015-04-16,804103792598
2015-04-17,952107451962
2015-04-18,107416020210
2015-04-19,536265373273
2015-04-20,973524238174
2015-04-21,1102550000377
2015-04-22,1136997494357
2015-04-23,1079744611030
2015-04-24,831437741206
2015-04-25,786977593265
2015-04-26,1184559432342
2015-04-27,1309967453130
2015-04-28,1363636227816
2015-04-29,1211542599029
2015-04-30,1406697099229
2015-05-01,1586987936907
2015-05-02,1270724463257
2015-05-03,1076851522481
2015-05-04,1146070052358
2015-05-05,1072258362586
2015-05-06,875766470939
2015-05-07,447945773128
2015-05-08,1213568937949
2015-05-09,1136324723833
2015-05-10,768901768604
2015-05-11,663558409133
2015-05-12,1274328829948
2015-05-13,1323016597962
2015-05-14,1246203725368
2015-05-15,1344926449889
2015-05-16,1735221972057
2015-05-17,861822105369
2015-05-18,1426005145198
2015-05-19,1120971235496
2015-05-20,1176759558687
2015-05-21,488769631518
2015-05-22,943661139564
2015-05-23,714479491510
2015-05-24,490628031135
2015-05-25,377232742986
2015-05-26,254121561331
2015-05-27,443520658840
2015-05-28,430723178206
2015-05-29,597664980068
2015-05-30,214911269717
2015-05-31,325570089004
2015-06-01,241287317606
2015-06-02,214014303544
2015-06-03,1139775639407
2015-06-04,323416514186
2015-06-05,429741213851
2015-06-06,618800144405
2015-06-07,1141889047331
2015-06-08,790196043944
2015-06-09,593485105009
2015-06-10,1034605667174
2015-06-11,1222670553166
2015-06-12,1056427812787
2015-06-13,1169871162806
2015-06-14,764383819956
2015-06-15,552727040719
2015-06-16,892618669941
2015-06-17,1319637020429
2015-06-18,951918362504
2015-06-19,1288811129167
2015-06-20,914413758898
2015-06-21,525951019557
2015-06-22,842828588922
2015-06-23,2067927488072
2015-06-24,698554711040
2015-06-25,218064003970
2015-06-26,220069909611
2015-06-27,430324891846
2015-06-28,322699006251
2015-06-29,325682510460
2015-06-30,511708376659
2015-07-01,328660028086
2015-07-02,259842801729
2015-07-03,213845771539
2015-07-04,153632670568
2015-07-05,265350858230
2015-07-06,114252971951
2015-07-07,125476612336
2015-07-08,1313612888235
2015-07-09,517944431187
2015-07-10,221213274151
2015-07-11,221628879034
2015-07-12,540113349077
2015-07-13,222089373192
2015-07-14,224170891197
2015-07-15,345877075584
2015-07-16,240173736250
2015-07-17,324807455764
2015-07-18,430385390326
2015-07-19,436060656983
2015-07-20,325686480046
2015-07-21,542369408885
2015-07-22,217969444800
2015-07-23,537256744227
2015-07-24,329358113752
2015-07-25,216169425405
2015-07-26,432224320816
2015-07-27,214909136297
2015-07-28,509828015210
2015-07-29,413818181219
2015-07-30,702514085443
2015-07-31,3175409251151
2015-08-01,2226619348018
2015-08-02,1403823725620
2015-08-03,3264141650725
2015-08-04,6326905699188
2015-08-05,6484030987939
2015-08-06,6003639625370
2015-08-07,6436961708866
2015-08-08,4604713969839
2015-08-09,4492070682674
2015-08-10,2600068107961
2015-08-11,457078046314
2015-08-12,397288434604
2015-08-13,1381788251898
2015-08-14,2707473425519
2015-08-15,6507662444765
2015-08-16,5239741276282
2015-08-17,7270091108783
2015-08-18,4543468220791
2015-08-19,3853101132816
2015-08-20,5070880047337
2015-08-21,321845184870
2015-08-22,329812071687
2015-08-23,2257211505616
2015-08-24,3308756907258
2015-08-25,2056730027613
2015-08-26,5368125782110
2015-08-27,5767090991428
2015-08-28,5567928079333
2015-08-29,4942320365255
2015-08-30,4590158565894
2015-08-31,3044846854968
2015-09-01,3139025691278
2015-09-02,3323425869391
2015-09-03,4482604648447
2015-09-04,4297286011696
2015-09-05,3891809466341
2015-09-06,4069083000086
2015-09-07,3781375624797
2015-09-08,3923554845948
2015-09-09,4475883324715
2015-09-10,3840793728354
2015-09-11,2886610491622
2015-09-12,3212995842589
2015-09-13,3744321053621
2015-09-14,3656258264708
2015-09-15,3727732805977
2015-09-16,3667271068853
2015-09-17,4155482836130
2015-09-18,4104998120820
2015-09-19,4013819387978
2015-09-20,5256846014674
2015-09-21,6080633972403
2015-09-22,5094714468683
2015-09-23,3049691872958
2015-09-24,3834657361095
2015-09-25,4081534510807
2015-09-26,3956417418914
2015-09-27,4233651314512
2015-09-28,4284052342433
2015-09-29,2108000034338
2015-09-30,4677503662667
2015-10-01,5151123882728
2015-10-02,4395723864715
2015-10-03,4254535546221
2015-10-04,4023191526051
2015-10-05,3649558254028
2015-10-06,1094190798719
2015-10-07,1289550309066
2015-10-08,638060671072
2015-10-09,1017712137244
2015-10-10,805520251904
2015-10-11,1435200256829
2015-10-12,109483783701
2015-10-13,1229735323069
2015-10-14,195130285249
2015-10-15,266162907150
2015-10-16,112971952463
2015-10-17,115308820128
2015-10-18,214683992069
2015-10-19,217780219439
2015-10-20,112260130582
2015-10-21,106747674427
2015-10-22,222253433262
2015-10-23,4797092165
2015-10-24,112990979088
2015-10-25,1314114456908
2015-10-26,1276562087049
2015-10-27,1118404535486
2015-10-28,596799376482
2015-10-29,951189563994
2015-10-30,1206703640556
2015-10-31,172684258943
2015-11-01,253739283121
2015-11-02,512017676203
2015-11-03,1172584656284
2015-11-04,1772997970224
2015-11-05,2115216787553
2015-11-06,2061894182626
2015-11-07,2155286702353
2015-11-08,1338138945101
2015-11-09,1097446431310
2015-11-10,1172280826995
2015-11-11,2088558768209
2015-11-12,1170786147560
2015-11-13,688420587752
2015-11-14,1947308202663
2015-11-15,1869015326607
2015-11-16,1401567792355
2015-11-17,1505382409672
2015-11-18,232028031177
2015-11-19,218134132577
2015-11-20,219341006431
2015-11-21,331562986931
2015-11-22,120215491877
2015-11-23,411123412269
2015-11-24,933996092611
2015-11-25,790921836020
2015-11-26,1770093022802
2015-11-27,1530461965751
2015-11-28,1948950599211
2015-11-29,782941742420
2015-11-30,703729177320
2015-12-01,714978874421
2015-12-02,951134039387
2015-12-03,1633993108559
2015-12-04,1814882306767
2015-12-05,672867390643
2015-12-06,852998393814
2015-12-07,2346507122719
2015-12-08,3424319759717
2015-12-09,3411752002368
2015-12-10,4851406993058
2015-12-11,5452397650086
2015-12-12,5376036328068
2015-12-13,6607954575184
2015-12-14,6491631036938
2015-12-15,4926703995351
2015-12-16,2508328321202
2015-12-17,2861811529377
2015-12-18,1570994231022
2015-12-19,1581477835950
2015-12-20,236726360403
2015-12-21,527111969440
2015-12-22,420843735156
2015-12-23,273252809754
2015-12-24,298573752149
2015-12-25,302170209582
2015-12-26,1618550813830
2015-12-27,1002093024126
2015-12-28,632261324959
2015-12-29,464784600144
2015-12-30,399096375683
2015-12-31,824297895324
2016-01-01,1513548598078
2016-01-02,578937000141
2016-01-03,1584707133018
2016-01-04,1457614741683
2016-01-05,727920013403
2016-01-06,139611037040
2016-01-07,187475759672
2016-01-08,486996117921
2016-01-09,871115728150
2016-01-10,355373084154
2016-01-11,361424404477
2016-01-12,1870686947630
2016-01-13,1489992362238
2016-01-14,539244845098
2016-01-15,889378452687
2016-01-16,386361358927
2016-01-17,1087437114100
2016-01-18,264436350230
2016-01-19,312451163944
2016-01-20,481081140901
2016-01-21,1801942561345
2016-01-22,1800900740769
2016-01-23,2179709887614
2016-01-24,2332425510043
2016-01-25,513351149997
2016-01-26,559297424034
2016-01-27,754710567192
2016-01-28,652966898076
2016-01-29,559278214649
2016-01-30,517512062010
2016-01-31,469230837578
2016-02-01,908713977051
2016-02-02,955890790934
2016-02-03,677832992373
2016-02-04,555382237399
2016-02-05,651855556237
2016-02-06,601380576350
2016-02-07,610591861749
2016-02-08,451470849007
2016-02-09,231141583528
2016-02-10,139054055939
2016-02-11,689703794326
2016-02-12,298633430439
2016-02-13,4019583598161
2016-02-14,4184128842797
2016-02-15,8319999313515
2016-02-16,5272230172233
2016-02-17,5650180734399
2016-02-18,5673468783929
2016-02-19,6120336356763
2016-02-20,1567719724073
2016-02-21,922295883120
2016-02-22,884079986522
2016-02-23,210851602157
2016-02-24,260392034395
2016-02-25,778697123189
2016-02-26,1568241039868
2016-02-27,873796543916
2016-02-28,422798169687
2016-02-29,642015453779
2016-03-01,153467831112
2016-03-02,379676771451
2016-03-03,393854663736
2016-03-04,259882817795
2016-03-05,380628805514
2016-03-06,865515877985
2016-03-07,2606924791824
2016-03-08,1217627304575
2016-03-09,886191240042
2016-03-10,1829853310444
2016-03-11,778451136563
2016-03-12,1102278816422
2016-03-13,628736881510
2016-03-14,1173777634008
2016-03-15,1925783753600
2016-03-16,1145806675768
2016-03-17,1400367984180
2016-03-18,622424300959
2016-03-19,1089687833543
2016-03-20,619328637995
2016-03-21,287243563344
2016-03-22,709225993406
2016-03-23,471078796784
2016-03-24,452853696973
2016-03-25,472102971472
2016-03-26,311614784211
2016-03-27,168455714782
2016-03-28,964758168044
2016-03-29,1079586570053
2016-03-30,1156656364043
2016-03-31,1226538681126
2016-04-01,1284199298689
2016-04-02,648061656037
2016-04-03,716624007456
2016-04-04,1153589062770
2016-04-05,1134429412109
2016-04-06,3438371082270
2016-04-07,1834874749673
2016-04-08,2624189510394
2016-04-09,3626549273098
2016-04-10,3157475510797
2016-04-11,2872957075765
2016-04-12,2004344135966
2016-04-13,1358852044777
2016-04-14,1230280377730
2016-04-15,504290361657
2016-04-16,1093664916715
2016-04-17,1797841653807
2016-04-18,1845484837277
2016-04-19,1711687681948
2016-04-20,1736348788996
2016-04-21,3945950122970
2016-04-22,1613858200162
2016-04-23,4662998805557
2016-04-24,3142922950915
2016-04-25,2308426930384
2016-04-26,3468639262607
2016-04-27,2794766644568
2016-04-28,4092041173747
2016-04-29,3666461998521
2016-04-30,3363767880073
2016-05-01,1840337859428
2016-05-02,1636113844215
2016-05-03,1054326085855
2016-05-04,1929631761453
2016-05-05,1000710969655
2016-05-06,804952903226
2016-05-07,743770932501
2016-05-08,622814084390
2016-05-09,940494116132
2016-05-10,1019829816477
2016-05-11,1733959316661
2016-05-12,932254258930
2016-05-13,990973441446
2016-05-14,993626835729
2016-05-15,680519656135
2016-05-16,2129548446372
2016-05-17,1596606546041
2016-05-18,2409417443391
2016-05-19,2378134936804
2016-05-20,1481008052110
2016-05-21,2854530021515
2016-05-22,2819586945923
2016-05-23,2965212778128
2016-05-24,2741351354070
2016-05-25,1175494975334
2016-05-26,1087709728094
2016-05-27,643290048321
2016-05-28,520448845224
2016-05-29,703260190134
2016-05-30,1733535523927
2016-05-31,1570488013696
2016-06-01,678113891820
2016-06-02,1065605701267
2016-06-03,1322726778356
2016-06-04,1389740441402
2016-06-05,1205470629824
2016-06-06,3186200658517
2016-06-07,1362734282802
2016-06-08,2393421812391
2016-06-09,2648723028054
2016-06-10,1555838736418
2016-06-11,1870277015683
2016-06-12,1147504292912
2016-06-13,1713676707773
2016-06-14,1503747386679
2016-06-15,1575635247184
2016-06-16,1979678605658
2016-06-17,1544771964241
2016-06-18,1276768851890
2016-06-19,1136510428306
2016-06-20,2290226300307
2016-06-21,1540951764542
2016-06-22,2490628785256
2016-06-23,2137649753998
2016-06-24,1682714657117
2016-06-25,1181398999435
2016-06-26,1031905162377
2016-06-27,2224532015903
2016-06-28,1290811265870
2016-06-29,2980337473059
2016-06-30,815238452451
2016-07-01,2158342026748
2016-07-02,1812778593196
2016-07-03,1994863824290
2016-07-04,1264909472825
2016-07-05,1787088549142
2016-07-06,1508085731048
2016-07-07,1383971793736
2016-07-08,1840148788870
2016-07-09,883990256981
2016-07-10,2063666741896
2016-07-11,824192890346
2016-07-12,1480839795396
2016-07-13,1694535910173
2016-07-14,1616154165225
2016-07-15,885299406982
2016-07-16,2338501261661
2016-07-17,2488207662041
2016-07-18,847076885619
2016-07-19,1785277860135
2016-07-20,1172807377288
2016-07-21,1705303620873
2016-07-22,1145344065054
2016-07-23,2290605696249
2016-07-24,787068132877
2016-07-25,1384452764606
2016-07-26,1708590861150
2016-07-27,2360876179927
2016-07-28,1110443459387
2016-07-29,1463385998332
2016-07-30,2049454559931
2016-07-31,1960769885124
2016-08-01,1946302761656
2016-08-02,2220207333608
2016-08-03,2231687284514
2016-08-04,1772248714411
2016-08-05,2373135495014
2016-08-06,1850202342457
2016-08-07,1816506955634
2016-08-08,2366945742728
2016-08-09,4348477449010
2016-08-10,2229609528525
2016-08-11,3594142322220
2016-08-12,3342153813053
2016-08-13,1002245288457
2016-08-14,1798772912075
2016-08-15,2022803132894
2016-08-16,2047605404613
2016-08-17,2209726084782
2016-08-18,1918267279975
2016-08-19,2002278906017
2016-08-20,2319764777237
2016-08-21,1993253069804
2016-08-22,1790256012375
2016-08-23,1367653417091
2016-08-24,1572498153453
2016-08-25,2327570191892
2016-08-26,2170998190047
2016-08-27,1815611412379
2016-08-28,2011077804695
2016-08-29,2272862218672
2016-08-30,2973676893706
2016-08-31,1534360073834
2016-09-01,2052440826588
2016-09-02,1818701488292
2016-09-03,1839616810013
2016-09-04,2791565674699
2016-09-05,2541037319953
2016-09-06,2086169366066
2016-09-07,2044892811985
2016-09-08,2396256687389
2016-09-09,2388354934248
2016-09-10,2655358059467
2016-09-11,2711284452854
2016-09-12,2502545100778
2016-09-13,2718212063455
2016-09-14,2343337286051
2016-09-15,1983437866403
2016-09-16,1755756176772
2016-09-17,1960597127157
2016-09-18,1996045448375
2016-09-19,1597490879808
2016-09-20,1041619070018
2016-09-21,632100367120
2016-09-22,699065436302
2016-09-23,3154393010441
2016-09-24,2206091674492
2016-09-25,634919032044
2016-09-26,437092793537
2016-09-27,2157028341457
2016-09-28,1825801408088
2016-09-29,1753049752263
2016-09-30,1932335826326
2016-10-01,1694334895299
2016-10-02,237839701081
2016-10-03,341042795663
2016-10-04,338155753999
2016-10-05,1105648080992
2016-10-06,365388278669
2016-10-07,653486835755
2016-10-08,632440659571
2016-10-09,579372458951
2016-10-10,652417261171
2016-10-11,909064068109
2016-10-12,7964189894472
2016-10-13,5002821425385
2016-10-14,6778535945048
2016-10-15,7402033870027
2016-10-16,7996368927314
2016-10-17,7908984438249
2016-10-18,3237607093904
2016-10-19,6383241419676
2016-10-20,5029708654431
2016-10-21,4905186817660
2016-10-22,4741327452174
2016-10-23,7492284203796
2016-10-24,4143309836234
2016-10-25,4121892289155
2016-10-26,3832711342835
2016-10-27,6779265807137
2016-10-28,6047450685019
2016-10-29,11480431406284
2016-10-30,9879322578059
2016-10-31,11205631601214
2016-11-01,2667521042964
2016-11-02,11126817495388
2016-11-03,8071178816479
2016-11-04,5818913757882
2016-11-05,4464165418801
2016-11-06,4411622522406
2016-11-07,1648979862295
2016-11-08,1239365129107
2016-11-09,5212075785573
2016-11-10,659285095929
2016-11-11,3093303096504
2016-11-12,178851825864
2016-11-13,753893287705
2016-11-14,3312414978466
2016-11-15,3452147319488
2016-11-16,2086338344618
2016-11-17,1033349540831
2016-11-18,326842997079
2016-11-19,516927324964
2016-11-20,296789108053
2016-11-21,186722529842
2016-11-22,1296451105680
2016-11-23,3136586821801
2016-11-24,670813007019
2016-11-25,734515778936
2016-11-26,738592806251
2016-11-27,275885921299
2016-11-28,361525166277
2016-11-29,352537424096
2016-11-30,1547181734731
2016-12-01,4716552983256
2016-12-02,4765457974387
2016-12-03,3961570347342
2016-12-04,4160689526425
2016-12-05,3370236003919
2016-12-06,3124781927411
2016-12-07,3495888907599
2016-12-08,3216794492560
2016-12-09,4494445435177
2016-12-10,6628760317860
2016-12-11,6236069233656
2016-12-12,6614541811483
2016-12-13,6350764933235
2016-12-14,8825299963679
2016-12-15,7750425533099
2016-12-16,6370830443093
2016-12-17,8188646322763
2016-12-18,11127115886877
2016-12-19,10681964206023
2016-12-20,8235748184367
2016-12-21,7100458933846
2016-12-22,4807421707589
2016-12-23,8455610626379
2016-12-24,5921411068463
2016-12-25,6969553666053
2016-12-26,2402462648519
2016-12-27,1987228395021
2016-12-28,1797389931530
2016-12-29,2170218350539
2016-12-30,1974783580997
2016-12-31,3496052560317
2017-01-01,1809905848308
2017-01-02,3978868956579
2017-01-03,5736805414913
2017-01-04,5789339647451
2017-01-05,7498089837172
2017-01-06,7620550013809
2017-01-07,5680513916158
2017-01-08,3769581874065
2017-01-09,1163060269247
2017-01-10,1864276288883
2017-01-11,2120662873142
2017-01-12,1906117632480
2017-01-13,1387536677474
2017-01-14,788803843124
2017-01-15,2861388903861
2017-01-16,2321836270889
2017-01-17,2616735647756
2017-01-18,1945674461965
2017-01-19,2897872139703
2017-01-20,4152368405441
2017-01-21,1037903135508
2017-01-22,1957592762194
2017-01-23,6438664963203
2017-01-24,2067301808964
2017-01-25,1495746712014
2017-01-26,1062010003336
2017-01-27,666554468345
2017-01-28,1726407781038
2017-01-29,1989135398280
2017-01-30,1993185308471
2017-01-31,2033379972436
2017-02-01,2551798112177
2017-02-02,1489193871066
2017-02-03,920514831068
2017-02-04,960316170721
2017-02-05,1090761821781
2017-02-06,674988953898
2017-02-07,1988239587146
2017-02-08,820348099719
2017-02-09,656080120732
2017-02-10,546116905098
2017-02-11,1424326745104
2017-02-12,803010226487
2017-02-13,1768666193515
2017-02-14,1569046133219
2017-02-15,1213150402022
2017-02-16,1347248372275
2017-02-17,652735705949
2017-02-18,1289194704781
2017-02-19,1075318818785
2017-02-20,1646970297235
2017-02-21,1737748576662
2017-02-22,1726413874034
2017-02-23,1554511505240
2017-02-24,1788536734868
2017-02-25,1715981507091
2017-02-26,1549435166566
2017-02-27,1629434883061
2017-02-28,802409639227
2017-03-01,1127927495062
2017-03-02,572386387196
2017-03-03,859725708619
2017-03-04,1953167069703
2017-03-05,2483334500325
2017-03-06,1298161215140
2017-03-07,2755980618744
2017-03-08,1980085705959
2017-03-09,842221867242
2017-03-10,992327676523
2017-03-11,2480889301109
2017-03-12,1774930803298
2017-03-13,1370515643553
2017-03-14,747530207472
2017-03-15,1120418116020
2017-03-16,1737056456536
2017-03-17,1290437986971
2017-03-18,1253532577945
2017-03-19,2217744136486
2017-03-20,2152388394326
2017-03-21,2356169762263
2017-03-22,2653604862523
2017-03-23,3731090413712
2017-03-24,2795004416147
2017-03-25,1295961735243
2017-03-26,507884335462
2017-03-27,996430521658
2017-03-28,1265138475638
2017-03-29,2102145566234
2017-03-30,4429058599878
2017-03-31,807487696903
2017-04-01,494850333263
2017-04-02,2043392568143
2017-04-03,1797803768707
2017-04-04,1391394149968
2017-04-05,1475317103983
2017-04-06,1755046428755
2017-04-07,1982146323004
2017-04-08,2282847463044
2017-04-09,5043112882162
2017-04-10,4599235947223
2017-04-11,2958853491867
2017-04-12,2428733687167
2017-04-13,2362934279286
2017-04-14,510520341015
2017-04-15,2350605867122
2017-04-16,1591255707754
2017-04-17,806284031784
2017-04-18,486589179726
2017-04-19,686463565028
2017-04-20,371836491937
2017-04-21,508489340980
2017-04-22,245026248233
2017-04-23,237592047829
2017-04-24,963885575841
2017-04-25,563807327816
2017-04-26,420877979261
2017-04-27,841381900173
2017-04-28,377489608159
2017-04-29,310977190378
2017-04-30,285705220336
2017-05-01,424213960747
2017-05-02,556489503334
2017-05-03,217706699902
2017-05-04,55946969299
2017-05-05,397926386036
2017-05-06,290072843859
2017-05-07,115252813461
2017-05-08,91376306656
2017-05-09,199072567724
2017-05-10,99514641124
2017-05-11,2120903848686
2017-05-12,404984228280
2017-05-13,1438565653120
2017-05-14,2410485584110
2017-05-15,1098766558944
2017-05-16,1280959221061
2017-05-17,3319997146762
2017-05-18,1808853158044
2017-05-19,1437474301424
2017-05-20,1125674986935
2017-05-21,869320054552
2017-05-22,944868902455
2017-05-23,1018243548075
2017-05-24,549388903153
2017-05-25,602466947496
2017-05-26,416788842186
2017-05-27,1147271971427
2017-05-28,315152154130
2017-05-29,354835192014
2017-05-30,842599392046
2017-05-31,420883443336
2017-06-01,944302318812
2017-06-02,726865503762
2017-06-03,1640465609791
2017-06-04,904882416783
2017-06-05,1539249723936
2017-06-06,773421269821
2017-06-07,2834385097423
2017-06-08,4140066995331
2017-06-09,4654136708923
2017-06-10,4084919173047
2017-06-11,1032276288136
2017-06-12,268425458956
2017-06-13,253424660696
2017-06-14,635657825075
2017-06-15,571853755962
2017-06-16,286488846412
2017-06-17,275850665392
2017-06-18,586805905371
2017-06-19,2241529913571
2017-06-20,300027396762
2017-06-21,1466593353346
2017-06-22,2563688584578
2017-06-23,5881331097402
2017-06-24,5087189028355
2017-06-25,3246113602641
2017-06-26,1956669988111
2017-06-27,1657787430586
2017-06-28,1662010970303
2017-06-29,1950359692221
2017-06-30,2337440390186
2017-07-01,2852226524147
2017-07-02,1483223824684
2017-07-03,1333059635220
2017-07-04,3426996608575
2017-07-05,566044002441
2017-07-06,1581076859597
2017-07-07,596022378126
2017-07-08,1232471254056
2017-07-09,405591975423
2017-07-10,2453587534105
2017-07-11,536414507217
2017-07-12,967950823138
2017-07-13,2257092494575
2017-07-14,4144507483202
2017-07-15,3667154554116
2017-07-16,3432222945270
2017-07-17,3996416277905
2017-07-18,2711049997280
2017-07-19,2325808531186
2017-07-20,1806122992685
2017-07-21,1036450358258
2017-07-22,1511659545796
2017-07-23,719247723592
2017-07-24,2117773518646
2017-07-25,1129430563543
2017-07-26,1220582889414
2017-07-27,1052356144482
2017-07-28,1413244570749
2017-07-29,1497551400345
2017-07-30,709990343796
2017-07-31,1164925493357
2017-08-01,1206714741925
2017-08-02,1641610111090
2017-08-03,952436569159
2017-08-04,744367046095
2017-08-05,652712808433
2017-08-06,640010255597
2017-08-07,296636917893
2017-08-08,479899723337
2017-08-09,174998954963
2017-08-10,324267400123
2017-08-11,371643459999
2017-08-12,422643426595
2017-08-13,1169230832970
2017-08-14,261660274353
2017-08-15,658421770448
2017-08-16,464733547550
2017-08-17,570420643105
2017-08-18,405439522574
2017-08-19,254525042573
2017-08-20,445252156958
2017-08-21,307193025171
2017-08-22,424887669608
2017-08-23,2257242276313
2017-08-24,2839306490794
2017-08-25,5535647292757
2017-08-26,1734336890181
2017-08-27,2968746609093
2017-08-28,2687259437987
2017-08-29,3265263458384
2017-08-30,2911987238588
2017-08-31,930862998316
2017-09-01,605849062413
2017-09-02,874618677114
2017-09-03,1680499698940
2017-09-04,1578619002451
2017-09-05,1756257513138
2017-09-06,1201162812911
2017-09-07,1514030575042
2017-09-08,1902117974867
2017-09-09,1401742453128
2017-09-10,2164940320455
2017-09-11,1486223068934
2017-09-12,1558849781794
2017-09-13,1404800122449
2017-09-14,1085373352263
2017-09-15,1753891628777
2017-09-16,786486466681
2017-09-17,409272433999
2017-09-18,4178963529084
2017-09-19,4404338584569
2017-09-20,4372750551417
2017-09-21,2967979280194
2017-09-22,1011171412487
2017-09-23,1122207853792
2017-09-24,877781054314
2017-09-25,1107471165848
2017-09-26,1809162209880
2017-09-27,1536863691321
2017-09-28,1193023417967
2017-09-29,1982534076430
2017-09-30,1697407206549
2017-10-01,1828844464180
2017-10-02,1087130883057
2017-10-03,1329934325649
2017-10-04,934243063803
2017-10-05,1939111304496
2017-10-06,1266484958481
2017-10-07,859561501083
2017-10-08,1463657433680
2017-10-09,963243259374
2017-10-10,1144733539598
2017-10-11,999791553342
2017-10-12,785616160725
2017-10-13,916333289802
2017-10-14,496861981128
2017-10-15,1050281326998
2017-10-16,1176470221358
2017-10-17,1461222320416
2017-10-18,606616994991
2017-10-19,810969926425
2017-10-20,895474289449
2017-10-21,737149964574
2017-10-22,1398491061250
2017-10-23,1422411738899
2017-10-24,1410654636178
2017-10-25,2181078307652
2017-10-26,1744280425938
2017-10-27,2392367359271
2017-10-28,2365844367291
2017-10-29,1584938953617
2017-10-30,1844548622922
2017-10-31,1456100259341
2017-11-01,978586486366
2017-11-02,1454383281483
2017-11-03,1615230394812
2017-11-04,1492686207766
2017-11-05,1646798800235
2017-11-06,1190473325109
2017-11-07,1229669984300
2017-11-08,1489076088375
2017-11-09,1316654180148
2017-11-10,1032050290895
2017-11-11,954407593238
2017-11-12,859100914198
2017-11-13,1390152289180
2017-11-14,3015389948503
2017-11-15,2182917783171
2017-11-16,2185128444655
2017-11-17,1244210926086
2017-11-18,1443683846408
2017-11-19,2110335654326
2017-11-20,1080333089597
2017-11-21,1021176557590
2017-11-22,1217657745790
2017-11-23,3145352992149
2017-11-24,2253904283392
2017-11-25,1573337511281
2017-11-26,782523569602
2017-11-27,2094632678729
2017-11-28,1244880273609
2017-11-29,2038343233967
2017-11-30,2216809145476
2017-12-01,1609172330316
2017-12-02,1634896873440
2017-12-03,1280822848649
2017-12-04,1291815246690
2017-12-05,1099107472618
2017-12-06,2738213135031
2017-12-07,4973017959623
2017-12-08,7874339021324
2017-12-09,8038127981892
2017-12-10,9332746349254
2017-12-11,6390826872797
2017-12-12,4909818508717
2017-12-13,4392413813212
2017-12-14,5681374749308
2017-12-15,5665698515341
2017-12-16,5899887132037
2017-12-17,6784978249396
2017-12-18,3048182978140
2017-12-19,8054681406863
2017-12-20,7232311091914
2017-12-21,7160479685774
2017-12-22,8940577082714
2017-12-23,11419555914669
2017-12-24,9350325544557
2017-12-25,8239203061540
2017-12-26,8936613499646
2017-12-27,7812849078110
2017-12-28,7582971531347
2017-12-29,8627175614282
2017-12-30,8454271054840
2017-12-31,13110275464747
2018-01-01,7186907746304
2018-01-02,3561922017309
2018-01-03,3260276905929
2018-01-04,4012495893293
2018-01-05,3836779113572
2018-01-06,2903909071178
2018-01-07,2665988411182
2018-01-08,2474594908945
2018-01-09,2186789860815
2018-01-10,2163883528440
2018-01-11,2403803916751
2018-01-12,1406752330915
2018-01-13,1308875182146
2018-01-14,958630576156
2018-01-15,851137650346
2018-01-16,893267296061
2018-01-17,827961101919
2018-01-18,1107738318906
2018-01-19,828578414244
2018-01-20,1108815727062
2018-01-21,850899531812
2018-01-22,837021564918
2018-01-23,662002534402
2018-01-24,1007139610890
2018-01-25,1017008772691
2018-01-26,607221079062
2018-01-27,393193363381
2018-01-28,984540655027
2018-01-29,742984512633
2018-01-30,867475984515
2018-01-31,870314590763
2018-02-01,1096411083973
2018-02-02,929126244762
2018-02-03,894950559949
2018-02-04,717872781004
2018-02-05,1008803635606
2018-02-06,998764677594
2018-02-07,849728776905
2018-02-08,1095619025081
2018-02-09,1224219862016
2018-02-10,977645369803
2018-02-11,767367718514
2018-02-12,944512184175
2018-02-13,848668679489
2018-02-14,726767689008
2018-02-15,709017816563
2018-02-16,553056983599
2018-02-17,2440178989325
2018-02-18,882333912174
2018-02-19,1142513624471
2018-02-20,544810473419
2018-02-21,545540613695
2018-02-22,696465457855
2018-02-23,1781941562881
2018-02-24,761802184510
2018-02-25,733979812757
2018-02-26,543063687797
2018-02-27,981914686629
2018-02-28,1155825213118
2018-03-01,1240894899121
2018-03-02,798923633253
2018-03-03,958515958283
2018-03-04,987836359419
2018-03-05,1035661872001
2018-03-06,937807923588
2018-03-07,1220613410763
2018-03-08,851507780968
2018-03-09,1076779379096
2018-03-10,948222222751
2018-03-11,1689843923867
2018-03-12,791148489773
2018-03-13,761231031870
2018-03-14,1022601951082
2018-03-15,988697794025
2018-03-16,996147367494
2018-03-17,777364006347
2018-03-18,624811596910
2018-03-19,733034692231
2018-03-20,915899090205
2018-03-21,706246897797
2018-03-22,2447890858811
2018-03-23,1363111582951
2018-03-24,666497851219
2018-03-25,741428626636
2018-03-26,453380583795
2018-03-27,704365021772
2018-03-28,426078276137
2018-03-29,626151692628
2018-03-30,614608286915
2018-03-31,854665168067
2018-04-01,611800896147
2018-04-02,773413094527
2018-04-03,979714627399
2018-04-04,760702447247
2018-04-05,927232775512
2018-04-06,1494927062002
2018-04-07,2054095592368
2018-04-08,2574421185871
2018-04-09,2850786577959
2018-04-10,3064711484557
2018-04-11,2312129827210
2018-04-12,1247455033200
2018-04-13,1345082424939
2018-04-14,1049740797878
2018-04-15,1304936008839
2018-04-16,1444602719786
2018-04-17,1353976157206
2018-04-18,1642385361330
2018-04-19,1604234189351
2018-04-20,1528244134680
2018-04-21,1658191367786
2018-04-22,1345519030070
2018-04-23,1391131553369
2018-04-24,1126978481746
2018-04-25,1077303551500
2018-04-26,1338237487346
2018-04-27,1075664860382
2018-04-28,1081923466441
2018-04-29,823001145756
2018-04-30,1089431256742
2018-05-01,1536897944424
2018-05-02,1131358857603
2018-05-03,660507488495
2018-05-04,758235407435
2018-05-05,652379283282
2018-05-06,388056307881
2018-05-07,438993818094
2018-05-08,405084595052
2018-05-09,1222150342194
2018-05-10,835449547540
2018-05-11,628727171439
2018-05-12,331537953291
2018-05-13,594199913851
2018-05-14,491381512238
2018-05-15,433559155546
2018-05-16,687520110306
2018-05-17,337553608286
2018-05-18,660960361276
2018-05-19,825547584887
2018-05-20,667471013866
2018-05-21,508787275277
2018-05-22,493243943077
2018-05-23,703682976337
2018-05-24,492681484975
2018-05-25,347104560717
2018-05-26,323434062358
2018-05-27,163475923343
2018-05-28,717041532987
2018-05-29,2393489977007
2018-05-30,1878925529553
2018-05-31,1641627832572
2018-06-01,846288563834
2018-06-02,430645019983
2018-06-03,264234665552
2018-06-04,244222312424
2018-06-05,285951721837
2018-06-06,387968571692
2018-06-07,399123783928
2018-06-08,296819685722
2018-06-09,344439461552
2018-06-10,443487296196
2018-06-11,885005503056
2018-06-12,2274474200109
2018-06-13,950407913932
2018-06-14,205984653028
2018-06-15,173297457198
2018-06-16,161405474618
2018-06-17,13742712513
2018-06-18,15532088360
2018-06-19,28446643430
2018-06-20,73637658888
2018-06-21,219031712723
2018-06-22,173018628929
2018-06-23,113783582017
2018-06-24,8771792485
2018-06-25,22518536259
2018-06-26,17756880404
2018-06-27,37763577144
2018-06-28,1283924440801
2018-06-29,3066844905807
2018-06-30,2571080780455
2018-07-01,4250927069608
2018-07-02,2860889545105
2018-07-03,1192699710529
2018-07-04,2738494572942
2018-07-05,1888572276497
2018-07-06,702652548022
2018-07-07,546089711979
2018-07-08,826618751945
2018-07-09,443439402348
2018-07-10,605011407336
2018-07-11,1553782729462
2018-07-12,913555788502
2018-07-13,1159980410365
2018-07-14,939149568894
2018-07-15,737271957270
2018-07-16,916901653334
2018-07-17,877078907300
2018-07-18,448698096356
2018-07-19,635421047569
2018-07-20,663554561357
2018-07-21,495209761633
2018-07-22,254464386188
2018-07-23,526276989538
2018-07-24,820968167330
2018-07-25,759350611196
2018-07-26,887032800760
2018-07-27,1522725573072
2018-07-28,999062029773
2018-07-29,990582479888
2018-07-30,480715870088
2018-07-31,297168896517
2018-08-01,398435521290
2018-08-02,397371500806
2018-08-03,506427535003
2018-08-04,648776543396
2018-08-05,712658245978
2018-08-06,1140933214116
2018-08-07,922801161400
2018-08-08,1120542320370
2018-08-09,874298682580
2018-08-10,1203494394473
2018-08-11,1305098240429
2018-08-12,1393335384006
2018-08-13,1963980627574
2018-08-14,2195942851473
2018-08-15,1067559700215
2018-08-16,877304593415
2018-08-17,1001145912252
2018-08-18,1477407715117
2018-08-19,1068088347071
2018-08-20,1452930873939
2018-08-21,2163723377027
2018-08-22,1299543556669
2018-08-23,1187219474487
2018-08-24,1060061620551
2018-08-25,1453659123967
2018-08-26,661271867892
2018-08-27,713484675622
2018-08-28,818182869210
2018-08-29,535005993165
2018-08-30,1052481817780
2018-08-31,834044399275
2018-09-01,669966311543
2018-09-02,1448350397544
2018-09-03,1015623275402
2018-09-04,914716065084
2018-09-05,746884466016
2018-09-06,1211480905901
2018-09-07,1404069826833
2018-09-08,1379063828882
2018-09-09,961704569383
2018-09-10,1079744299030
2018-09-11,608717498867
2018-09-12,757124212354
2018-09-13,561248475259
2018-09-14,694310794733
2018-09-15,994631964343
2018-09-16,1008640753818
2018-09-17,1183653253014
2018-09-18,1645672518570
2018-09-19,671161551782
2018-09-20,1616601506556
2018-09-21,1026513786229
2018-09-22,645239641942
2018-09-23,1038420146255
2018-09-24,1656224666176
2018-09-25,1307728719533
2018-09-26,1158274796744
2018-09-27,1344985426910
2018-09-28,1226870304024
2018-09-29,1044797926816
2018-09-30,1200558555681
2018-10-01,1410961598911
2018-10-02,1295815819938
2018-10-03,1213529330710
2018-10-04,1493785618007
2018-10-05,1638701742961
2018-10-06,2291132831249
2018-10-07,1530905826992
2018-10-08,1857414444657
2018-10-09,1447036034932
2018-10-10,1486439588018
2018-10-11,1430359585075
2018-10-12,1280973871802
2018-10-13,2124107487196
2018-10-14,969412172506
2018-10-15,1303559984687
2018-10-16,1479488017154
2018-10-17,954836103066
2018-10-18,905939035870
2018-10-19,902985059657
2018-10-20,820026112741
2018-10-21,1218223757724
2018-10-22,1252234761893
2018-10-23,1224744768504
2018-10-24,922034154867
2018-10-25,1295208212249
2018-10-26,2619956840805
2018-10-27,2309758582259
2018-10-28,1104942291030
2018-10-29,1495103911432
2018-10-30,1323478868182
2018-10-31,1079981611656
2018-11-01,1163136509018
2018-11-02,996701600350
2018-11-03,966275968395
2018-11-04,1409383202670
2018-11-05,1240494848306
2018-11-06,1423198318841
2018-11-07,1263632908527
2018-11-08,1436706595117
2018-11-09,1789781476098
2018-11-10,1457111578460
2018-11-11,1357333901148
2018-11-12,3196061703107
2018-11-13,1935042845427
2018-11-14,3031047454066
2018-11-15,2459238266354
2018-11-16,2139257168874
2018-11-17,2406323638122
2018-11-18,2194894797010
2018-11-19,2092332962844
2018-11-20,1887297811010
2018-11-21,1736800991207
2018-11-22,1263901317587
2018-11-23,945875703879
2018-11-24,1230361746951
2018-11-25,1125365615425
2018-11-26,876126400933
2018-11-27,996854693014
2018-11-28,990631974563
2018-11-29,1220577583218
2018-11-30,1599799538027
2018-12-01,1776781818988
2018-12-02,1050072681830
2018-12-03,892842382141
2018-12-04,561465195323
2018-12-05,697541272290
2018-12-06,680409887376
2018-12-07,1176581675674
2018-12-08,1185740214497
2018-12-09,2705323510586
2018-12-10,1789368765116
2018-12-11,5653343238291
2018-12-12,6136367854556
2018-12-13,5422017047564
2018-12-14,4357164347604
2018-12-15,3290437896977
2018-12-16,4924060736568
2018-12-17,5605217081034
2018-12-18,3215019281177
2018-12-19,3207539017279
2018-12-20,2319914931405
2018-12-21,1552807623596
2018-12-22,1656977758802
2018-12-23,1588717111542
2018-12-24,1462137147308
2018-12-25,1329035518442
2018-12-26,1277621229462
2018-12-27,1592499440751
2018-12-28,1709068668047
2018-12-29,1743614651965
2018-12-30,2037681913701
2018-12-31,2453434402684
2019-01-01,3141131087405
2019-01-02,2250229920753
